title,cluster
Sapiens: A Brief History of Humankind,24
Sharp Objects,0
Soumission,9
Tipping the Velvet,9
A Light in the Attic,5
It's Only the Himalayas,9
Libertarianism for Beginners,9
Mesaerion: The Best Science Fiction Stories 1800-1849,37
Olio,9
"Our Band Could Be Your Life: Scenes from the American Indie Underground, 1981-1991",16
Rip it Up and Start Again,9
Scott Pilgrim's Precious Little Life (Scott Pilgrim #1),33
Set Me Free,9
Shakespeare's Sonnets,9
"Starving Hearts (Triangular Trade Trilogy, #1)",5
The Black Maria,17
The Boys in the Boat: Nine Americans and Their Epic Quest for Gold at the 1936 Berlin Olympics,6
"The Coming Woman: A Novel Based on the Life of the Infamous Feminist, Victoria Woodhull",5
The Dirty Little Secrets of Getting Your Dream Job,12
The Requiem Red,9
Aladdin and His Wonderful Lamp,0
You can't bury them all: Poems,22
Behind Closed Doors,0
"In a Dark, Dark Wood",39
Maude (1883-1993):She Grew Up with the country,0
Penny Maybe,0
Sophie's World,9
The Bear and the Piano,9
The Elephant Tree,0
The Five Love Languages: How to Express Heartfelt Commitment to Your Mate,13
The Four Agreements: A Practical Guide to Personal Freedom,3
Wall and Piece,0
Worlds Elsewhere: Journeys Around Shakespeare’s Globe,3
America's Cradle of Quarterbacks: Western Pennsylvania's Football Factory from Johnny Unitas to Joe Montana,9
Birdsong: A Story in Pictures,37
Black Dust,17
Chase Me (Paris Nights #2),33
The Natural History of Us (The Fine Art of Pretending #2),19
The Past Never Ends,6
"The Pioneer Woman Cooks: Dinnertime: Comfort Classics, Freezer Food, 16-Minute Meals, and Other Delicious Ways to Solve Supper!",2
The Secret of Dreadwillow Carse,12
The Torch Is Passed: A Harding Family Story,37
Thirst,9
This One Summer,6
Throwing Rocks at the Google Bus: How Growth Became the Enemy of Prosperity,0
Tsubasa: WoRLD CHRoNiCLE 2 (Tsubasa WoRLD CHRoNiCLE #2),36
"Unbound: How Eight Technologies Made Us Human, Transformed Society, and Brought Our World to the Brink",3
Unicorn Tracks,0
"Unseen City: The Majesty of Pigeons, the Discreet Charm of Snails & Other Wonders of the Urban Wilderness",8
Untitled Collection: Sabbath Poems 2014,22
"We Love You, Charlie Freeman",13
When We Collided,9
Without Borders (Wanderlove #1),1
"Rat Queens, Vol. 3: Demons (Rat Queens (Collected Editions) #11-15)",29
Reskilling America: Learning to Labor in the Twenty-First Century,0
"Saga, Volume 5 (Saga (Collected Editions) #5)",29
"Saga, Volume 6 (Saga (Collected Editions) #6)",29
Security,9
Soul Reader,0
Spark Joy: An Illustrated Master Class on the Art of Organizing and Tidying Up,19
The Activist's Tao Te Ching: Ancient Advice for a Modern Revolution,9
The Age of Genius: The Seventeenth Century and the Birth of the Modern Mind,0
The Art Forger,19
"The Bulletproof Diet: Lose up to a Pound a Day, Reclaim Energy and Focus, Upgrade Your Life",11
The Death of Humanity: and the Case for Life,32
The Electric Pencil: Drawings from Inside State Hospital No. 3,0
The Gutsy Girl: Escapades for Your Life of Epic Adventure,30
"The Inefficiency Assassin: Time Management Tactics for Working Smarter, Not Longer",5
The Life-Changing Magic of Tidying Up: The Japanese Art of Decluttering and Organizing,19
In the Country We Love: My Family Divided,13
Join,9
Judo: Seven Steps to Black Belt (an Introductory Guide for Beginners),17
"Layered: Baking, Building, and Styling Spectacular Cakes",0
Lumberjanes Vol. 3: A Terrible Plan (Lumberjanes #9-12),9
"Lumberjanes, Vol. 1: Beware the Kitten Holy (Lumberjanes #1-4)",9
"Lumberjanes, Vol. 2: Friendship to the Max (Lumberjanes #5-8)",9
"Mama Tried: Traditional Italian Cooking for the Screwed, Crude, Vegan, and Tattooed",2
Masks and Shadows,16
My Paris Kitchen: Recipes and Stories,33
Obsidian (Lux #1),0
On a Midnight Clear,0
Online Marketing for Busy Authors: A Step-By-Step Guide,15
orange: The Complete Collection 1 (orange: The Complete Collection #1),9
"Outcast, Vol. 1: A Darkness Surrounds Him (Outcast #1)",0
Patience,9
"Avatar: The Last Airbender: Smoke and Shadow, Part 3 (Smoke and Shadow #3)",16
"Bitch Planet, Vol. 1: Extraordinary Machine (Bitch Planet (Collected Editions))",9
Bossypants,9
Burning,9
Call the Nurse: True Stories of a Country Nurse on a Scottish Isle,37
Camp Midnight,0
"Codename Baboushka, Volume 1: The Conclave of Death",32
Crown of Midnight (Throne of Glass #2),0
Danganronpa Volume 1,9
"Don't Be a Jerk: And Other Practical Advice from Dogen, Japan's Greatest Zen Master",22
Everydata: The Misinformation Hidden in the Little Data You Consume Every Day,11
Fifty Shades Darker (Fifty Shades #2),23
First and First (Five Boroughs #3),5
Forever and Forever: The Courtship of Henry Longfellow and Fanny Appleton,5
"Giant Days, Vol. 2 (Giant Days #5-8)",11
Her Backup Boyfriend (The Sorensen Family #1),0
The Stranger,9
The Third Wave: An Entrepreneur’s Vision of the Future,9
The Vacationers,9
The Wedding Dress,9
The White Cat and the Monk: A Retelling of the Poem “Pangur Bán”,22
Thirteen Reasons Why,34
Thomas Jefferson and the Tripoli Pirates: The Forgotten War That Changed American History,24
Throne of Glass (Throne of Glass #1),5
Tracing Numbers on a Train,30
Tuesday Nights in 1980,9
"William Shakespeare's Star Wars: Verily, A New Hope (William Shakespeare's Star Wars #4)",24
You Are What You Love: The Spiritual Power of Habit,13
(Un)Qualified: How God Uses Broken People to Do Big Things,26
A Court of Thorns and Roses (A Court of Thorns and Roses #1),9
A Fierce and Subtle Poison,0
A Flight of Arrows (The Pathfinders #2),5
The Cookies & Cups Cookbook: 125+ sweet & savory recipes reminding you to Always Eat Dessert First,0
The Emerald Mystery,9
The Genius of Birds,0
The Girl on the Train,30
The Glittering Court (The Glittering Court #1),0
The House by the Lake,4
The Kite Runner,9
The Long Shadow of Small Ghosts: Murder and Memory in an American City,16
The Love and Lemons Cookbook: An Apple-to-Zucchini Celebration of Impromptu Cooking,13
The Matchmaker's Playbook (Wingmen Inc. #1),9
The Mistake (Off-Campus #2),9
The Murder of Roger Ackroyd (Hercule Poirot #4),39
The Nerdy Nummies Cookbook: Sweet Treats for the Geek in All of Us,0
The Omnivore's Dilemma: A Natural History of Four Meals,9
The Power of Now: A Guide to Spiritual Enlightenment,3
The Project,0
Mrs. Houdini,9
Night Sky with Exit Wounds,0
"Nightingale, Sing",5
Poems That Make Grown Women Cry,22
Poses for Artists Volume 1 - Dynamic and Sitting Poses: An Essential Reference for Figure Drawing and the Human Form,9
Redeeming Love,13
Romero and Juliet: A Tragic Tale of Love and Zombies,13
Scarlett Epstein Hates It Here,0
Secrets and Lace (Fatal Hearts #1),12
"Shobu Samurai, Project Aryoku (#3)",0
Shoe Dog: A Memoir by the Creator of NIKE,0
So You've Been Publicly Shamed,9
Soft Apocalypse,0
Something More Than This,9
Suddenly in Love (Lake Haven #1),13
The 10% Entrepreneur: Live Your Startup Dream Without Quitting Your Day Job,11
"Deliciously Ella Every Day: Quick and Easy Recipes for Gluten-Free Snacks, Packed Lunches, and Simple Meals",11
Doing It Over (Most Likely To #1),9
Done Rubbed Out (Reightman & Bailey #1),0
Drive: The Surprising Truth About What Motivates Us,0
Eureka Trivia 6.0,0
"Fables, Vol. 1: Legends in Exile (Fables #1)",9
Finders Keepers (Bill Hodges Trilogy #2),0
First Steps for New Christians (Print Edition),9
Follow You Home,2
Frostbite (Vampire Academy #2),0
Full Moon over Noah’s Ark: An Odyssey to Mount Ararat and Beyond,34
Grumbles,9
Hollow City (Miss Peregrine’s Peculiar Children #2),8
I Had a Nice Time And Other Lies...: How to find love & sh*t like that,13
Large Print Heart of the Pride,9
Library of Souls (Miss Peregrine’s Peculiar Children #3),8
Why the Right Went Wrong: Conservatism--From Goldwater to the Tea Party and Beyond,34
Wild Swans,9
"Wonder Woman: Earth One, Volume One (Wonder Woman: Earth One #1)",37
You (You #1),9
Zealot: The Life and Times of Jesus of Nazareth,5
Agnostic: A Spirited Manifesto,0
Amatus,9
Amid the Chaos,0
Amy Meets the Saints and Sages,9
Anonymous,9
Ayumi's Violin,9
Batman: The Dark Knight Returns (Batman),9
Batman: The Long Halloween (Batman),16
Beauty Restored (Riley Family Legacy Novellas #3),0
Becoming Wise: An Inquiry into the Mystery and Art of Living,19
Big Magic: Creative Living Beyond Fear,34
The Rosie Project (Don Tillman #1),0
The Song of Achilles,7
The Songs of the Gods,18
The Star-Touched Queen,0
The Testament of Mary,0
The Time Keeper,9
The Wedding Pact (The O'Malleys #2),0
The White Queen (The Cousins' War #1),24
The Wright Brothers,0
The Year of Magical Thinking,0
This Is Where It Ends,0
Through the Woods,39
Twenty Yawns,9
"Unbroken: A World War II Story of Survival, Resilience, and Redemption",37
Until Friday Night (The Field Party #1),34
V for Vendetta (V for Vendetta Complete),9
Take Me with You,9
Tastes Like Fear (DI Marnie Rome #3),9
That Darkness (Gardiner and Renner #1),0
The 14th Colony (Cotton Malone #11),0
The Bad-Ass Librarians of Timbuktu: And Their Race to Save the World’s Most Precious Manuscripts,3
The Bane Chronicles (The Bane Chronicles #1-11),36
The Darkest Lie,5
The Dovekeepers,9
The First Hostage (J.B. Collins #2),0
The Guilty (Will Robie #4),0
The Help Yourself Cookbook for Kids: 60 Easy Plant-Based Recipes Kids Can Make to Stay Healthy and Save the Earth,14
The Hidden Oracle (The Trials of Apollo #1),9
The Immortal Life of Henrietta Lacks,5
The Last Mile (Amos Decker #2),9
The Literature Book (Big Ideas Simply Explained),2
The Loney,9
"Naruto (3-in-1 Edition), Vol. 14: Includes Vols. 40, 41 & 42 (Naruto: Omnibus #14)",9
No Dream Is Too High: Life Lessons From a Man Who Walked on the Moon,20
Old School (Diary of a Wimpy Kid #10),6
Once Was a Time,9
"Overload: How to Unplug, Unwind, and Unleash Yourself from the Pressure of Stress",0
Pet Sematary,0
"Quarter Life Poetry: Poems for the Young, Broke and Hangry",22
Rain Fish,0
"Red Hood/Arsenal, Vol. 1: Open for Business (Red Hood/Arsenal #1)",5
Robin War,24
salt.,9
See America: A Celebration of Our National Parks & Treasured Sites,9
Shtum,9
"So Cute It Hurts!!, Vol. 6 (So Cute It Hurts!! #6)",9
Someone Like You (The Harrisons #2),9
Sorting the Beef from the Bull: The Science of Food Fraud Forensics,0
"Hush, Hush (Hush, Hush #1)",9
"Hyperbole and a Half: Unfortunate Situations, Flawed Coping Mechanisms, Mayhem, and Other Things That Happened",26
I Am Pilgrim (Pilgrim #1),9
I Know What I'm Doing -- and Other Lies I Tell Myself: Dispatches from a Life Under Construction,5
Island of Dragons (Unwanteds #7),31
"It's All Easy: Healthy, Delicious Weeknight Meals in under 30 Minutes",9
Lady Midnight (The Dark Artifices #1),0
Let It Out: A Journey Through Journaling,5
"Living Leadership by Insight: A Good Leader Achieves, a Great Leader Builds Monuments",0
Looking for Lovely: Collecting the Moments that Matter,13
Love Is a Mix Tape (Music #1),13
Lowriders to the Center of the Earth (Lowriders in Space #2),37
Luckiest Girl Alive,30
Luis Paints the World,3
Made to Stick: Why Some Ideas Survive and Others Die,6
More Than Music (Chasing the Dream #1),25
Cometh the Hour (The Clifton Chronicles #6),36
Crazy Love: Overwhelmed by a Relentless God,18
Daily Fantasy Sports,0
Dear Mr. Knightley,9
Demigods & Magicians: Percy and Annabeth Meet the Kanes (Percy Jackson & Kane Chronicles Crossover #1-3),36
Doctor Sleep (The Shining #2),0
Don't Get Caught,22
"Eat Fat, Get Thin",9
"Eaternity: More than 150 Deliciously Easy Vegan Recipes for a Long, Healthy, Satisfied, Joyful Life",16
Eight Hundred Grapes,0
El Deafo,0
Eligible (The Austen Project #4),0
Every Last Word,9
"Far & Away: Places on the Brink of Change: Seven Continents, Twenty-Five Years",28
Feathers: Displays of Brilliant Plumage,0
Glory over Everything: Beyond The Kitchen House,4
Angels & Demons (Robert Langdon #1),20
Angels Walking (Angels Walking #1),20
Aristotle and Dante Discover the Secrets of the Universe (Aristotle and Dante Discover the Secrets of the Universe #1),12
Art Ops Vol. 1,19
Balloon Animals,9
Barefoot Contessa at Home: Everyday Recipes You'll Make Over and Over Again,2
Barefoot Contessa Back to Basics,9
Batman: Europa,9
Brain on Fire: My Month of Madness,35
Buying In: The Secret Dialogue Between What We Buy and Who We Are,12
Carrie,9
"Carry On, Warrior: Thoughts on Life Unarmed",5
Catching Jordan (Hundred Oaks),0
Cell,9
City of Ashes (The Mortal Instruments #2),8
City of Bones (The Mortal Instruments #1),8
The Silent Sister (Riley MacPherson #1),5
The Star-Touched Queen,0
Tipping Point for Planet Earth: How Close Are We to the Edge?,37
Will You Won't You Want Me?,22
13 Hours: The Inside Account of What Really Happened In Benghazi,0
My Kitchen Year: 136 Recipes That Saved My Life,5
Rook,9
Searching for Meaning in Gailana,9
"The Three Searches, Meaning, and the Story",37
1491: New Revelations of the Americas Before Columbus,2
A Brush of Wings (Angels Walking #3),20
A Distant Mirror: The Calamitous 14th Century,5
A Man Called Ove,6
A People's History of the United States,9
"A Series of Catastrophes and Miracles: A True Story of Love, Science, and Cancer",13
A Study in Scarlet (Sherlock Holmes #1),9
How to Speak Golf: An Illustrated Guide to Links Lingo,3
"Love, Lies and Spies",13
Most Wanted,9
Murder at the 42nd Street Library (Raymond Ambler #1),39
No Love Allowed (Dodge Cove #1),13
One with You (Crossfire #5),6
Poisonous (Max Revere Novels #3),9
Psycho: Sanitarium (Psycho #1.5),0
Quench Your Own Thirst: Business Lessons Learned Over a Beer or Two,5
Raspberry Pi Electronics Projects for the Evil Genius,21
Snatched: How A Drug Queen Went Undercover for the DEA and Was Kidnapped By Colombian Guerillas,34
Stars Above (The Lunar Chronicles #4.5),36
The Children,8
The Diary of a Young Girl,30
The Dinner Party,34
The Epidemic (The Program 0.6),0
Off the Hook (Fishing for Trouble #1),0
Playing with Fire,28
"Setting the World on Fire: The Brief, Astonishing Life of St. Catherine of Siena",35
Sleeping Giants (Themis Files #1),11
Take Me Home Tonight (Rock Star Romance #3),2
The Art of Startup Fundraising,19
The Improbability of Love,13
"The Sleep Revolution: Transforming Your Life, One Night at a Time",6
The Widow,9
Troublemaker: Surviving Hollywood and Scientology,5
"A la Mode: 120 Recipes in 60 Pairings: Pies, Tarts, Cakes, Crisps, and More Topped with Ice Cream, Gelato, Frozen Custard, and More",7
A Paris Apartment,33
Boar Island (Anna Pigeon #19),31
Can You Keep a Secret? (Fear Street Relaunch #4),12
Dirty (Dive Bar #1),0
Eleanor & Park,9
10-Day Green Smoothie Cleanse: Lose Up to 15 Pounds in 10 Days!,11
"10% Happier: How I Tamed the Voice in My Head, Reduced Stress Without Losing My Edge, and Found Self-Help That Actually Works",1
11/22/63,9
A Gentleman's Position (Society of Gentlemen #3),9
A Mother's Reckoning: Living in the Aftermath of Tragedy,9
Adultery,9
Arena,9
Born for This: How to Find the Work You Were Meant to Do,18
Cravings: Recipes for What You Want to Eat,9
Daredevils,9
"Exit, Pursued by a Bear",0
Grey (Fifty Shades #4),23
It Didn't Start with You: How Inherited Family Trauma Shapes Who We Are and How to End the Cycle,25
Keep Me Posted,9
Lab Girl,30
Lies and Other Acts of Love,13
Don't Forget Steven,22
Dress Your Family in Corduroy and Denim,0
"Fruits Basket, Vol. 9 (Fruits Basket #9)",10
If I Gave You God's Phone Number....: Searching for Spirituality in America,18
Modern Day Fables,11
"NaNo What Now? Finding your editing process, revising your NaNoWriMo book and building a writing career through publishing and beyond",21
Nap-a-Roo,9
Suzie Snowflake: One beautiful flake (a self-esteem story),37
The Alien Club,9
The Art and Science of Low Carbohydrate Living,19
The Book of Mormon,2
"The Fabric of the Cosmos: Space, Time, and the Texture of Reality",0
The Flowers Lied,0
"The Moosewood Cookbook: Recipes from Moosewood Restaurant, Ithaca, New York",2
The New Brand You: Your New Image Makes the Sale for You,2
The Shack,9
Shadows of the Past (Logan Point #1),6
Silence in the Dark (Logan Point #4),9
Smarter Faster Better: The Secrets of Being Productive in Life and Business,5
South of Sunshine,9
The E-Myth Revisited: Why Most Small Businesses Don't Work and What to Do About It,31
The Grownup,9
The High Mountains of Portugal,9
The Martian (The Martian #1),5
"The Midnight Assassin: Panic, Scandal, and the Hunt for America's First Serial Killer",9
The New Drawing on the Right Side of the Brain,35
The Unlikely Pilgrimage of Harold Fry (Harold Fry #1),9
Vagabonding: An Uncommon Guide to the Art of Long-Term World Travel,3
When Breath Becomes Air,0
Why Not Me?,34
"Zero to One: Notes on Startups, or How to Build the Future",32
23 Degrees South: A Tropical Tale of Changing Whether...,28
History of Beauty,24
Howl and Other Poems,22
Hystopia: A Novel,9
I Will Find You,18
I'll Give You the Sun,9
John Vassos: Industrial Design for Modern Life,5
Kierkegaard: A Christian Missionary to Christians,5
Kill 'Em and Leave: Searching for James Brown and the American Soul,16
Left Behind (Left Behind #1),9
Les Fleurs du Mal,0
Living Forward: A Proven Plan to Stop Drifting and Get the Life You Want,5
"Love That Boy: What Two Presidents, Eight Road Trips, and My Son Taught Me About a Parent's Expectations",13
Man's Search for Meaning,6
Miller's Valley,9
My Life Next Door (My Life Next Door ),5
Out of Print: City Lights Spotlight No. 14,8
The Whale,9
The Year of Living Biblically: One Man's Humble Quest to Follow the Bible as Literally as Possible,6
Toddlers Are A**holes: It's Not Your Fault,9
Under the Tuscan Sun,0
Unreasonable Hope: Finding Faith in the God Who Brings Purpose to Your Pain,18
What Happened on Beale Street (Secrets of the South Mysteries #2),12
Wildlife of New York: A Five-Borough Coloring Book,2
You Are a Badass: How to Stop Doubting Your Greatness and Start Living an Awesome Life,5
"""Most Blessed of the Patriarchs"": Thomas Jefferson and the Empire of the Imagination",24
32 Yolks,9
"A Murder Over a Girl: Justice, Gender, Junior High",30
Being Mortal: Medicine and What Matters in the End,0
Between the World and Me,3
Brazen: The Courage to Find the You That's Been Hiding,18
Brilliant Beacons: A History of the American Lighthouse,24
Death by Leisure: A Cautionary Tale,32
Playing from the Heart,28
Raymie Nightingale,9
"Rich Dad, Poor Dad",0
"Shrunken Treasures: Literary Classics, Short, Sweet, and Silly",9
Sister Dear,5
"Sit, Stay, Love",14
Steal Like an Artist: 10 Things Nobody Told You About Being Creative,26
Team of Rivals: The Political Genius of Abraham Lincoln,0
The 7 Habits of Highly Effective People: Powerful Lessons in Personal Change,28
The Art Book,19
The Bachelor Girl's Guide to Murder (Herringford and Watts Mysteries #1),30
The Bourne Identity (Jason Bourne #1),9
The Constant Princess (The Tudor Court #1),9
The Drowning Girls,30
The Faith of Christopher Hitchens: The Restless Soul of the World's Most Notorious Atheist,9
The Glass Castle,9
Blue Like Jazz: Nonreligious Thoughts on Christian Spirituality,0
"Chronicles, Vol. 1",36
Counted With the Stars (Out from Egypt #1),9
Delivering the Truth (Quaker Midwife Mystery #1),9
Every Heart a Doorway (Every Heart A Doorway #1),0
Finding God in the Ruins: How God Redeems Pain,18
For the Love: Fighting for Grace in a World of Impossible Standards,13
"Fruits Basket, Vol. 7 (Fruits Basket #7)",10
Good in Bed (Cannie Shapiro #1),5
How to Be a Domestic Goddess: Baking and the Art of Comfort Cooking,19
How to Cook Everything Vegetarian: Simple Meatless Recipes for Great Food (How to Cook Everything),2
John Adams,9
King's Folly (The Kinsman Chronicles #1),36
Leave This Song Behind: Teen Poetry at Its Best,7
Life of Pi,5
Like Never Before (Walker Family #2),6
The Collected Poems of W.B. Yeats (The Collected Works of W.B. Yeats #1),9
The Fellowship of the Ring (The Lord of the Rings #1),0
The Girl You Left Behind (The Girl You Left Behind #1),30
The God Delusion,18
The Golden Compass (His Dark Materials #1),9
The Great Railway Bazaar,9
The Hobbit (Middle-Earth Universe),9
The Invention of Wings,20
The Joy of Cooking,2
The Makings of a Fatherless Child,9
The Man Who Mistook His Wife for a Hat and Other Clinical Tales,6
The Mysterious Affair at Styles (Hercule Poirot #1),5
The Perks of Being a Wallflower,0
The Rise and Fall of the Third Reich: A History of Nazi Germany,24
The Sound Of Love,13
A Gathering of Shadows (Shades of Magic #2),23
A Year in Provence (Provence #1),0
An Unquiet Mind: A Memoir of Moods and Madness,35
Better Homes and Gardens New Cook Book,2
Catherine the Great: Portrait of a Woman,9
"Death Note, Vol. 6: Give-and-Take (Death Note #6)",32
Deception Point,5
"Fruits Basket, Vol. 6 (Fruits Basket #6)",10
Fun Home: A Family Tragicomic,2
"Girl, Interrupted",30
Give It Back,5
How to Stop Worrying and Start Living,0
In Cold Blood,0
In the Woods (Dublin Murder Squad #1),39
Me Before You (Me Before You #1),5
Mere Christianity,0
Musicophilia: Tales of Music and the Brain,35
The Expatriates,9
The False Prince (The Ascendance Trilogy #1),0
The Fault in Our Stars,5
The Firm,9
The Grand Design,0
The Hiding Place,0
The Little Paris Bookshop,33
The Mathews Men: Seven Brothers and the War Against Hitler's U-boats,24
The Metamorphosis,9
The Power Greens Cookbook: 140 Delicious Superfood Recipes,9
The Raven Boys (The Raven Cycle #1),25
The Raven King (The Raven Cycle #4),25
The Secret Garden,12
This Is Your Brain on Music: The Science of a Human Obsession,35
Two Summers,9
What If?: Serious Scientific Answers to Absurd Hypothetical Questions,5
Kill the Boy Band,0
Killing Floor (Jack Reacher #1),9
Last One Home (New Beginnings #1),2
Logan Kade (Fallen Crest High #5.5),0
Lola and the Boy Next Door (Anna and the French Kiss #2),0
Maybe Something Beautiful: How Art Transformed a Neighborhood,19
Mexican Today: New and Rediscovered Recipes for Contemporary Kitchens,2
My Mother Was Nuts,9
Peak: Secrets from the New Science of Expertise,12
Red Dragon (Hannibal Lecter #1),0
Remember Me?,9
Shiver (The Wolves of Mercy Falls #1),0
Siddhartha,9
Talking to Girls About Duran Duran: One Young Man's Quest for True Love and a Cooler Haircut,6
Tell Me Three Things,26
Tell the Wind and Fire,36
America's War for the Greater Middle East: A Military History,24
An Abundance of Katherines,0
Approval Junkie: Adventures in Caring Too Much,0
"Blue Lily, Lily Blue (The Raven Cycle #3)",25
Booked,2
Critique of Pure Reason,0
"Data, A Love Story: How I Gamed Online Dating to Meet My Match",15
"Death Note, Vol. 5: Whiteout (Death Note #5)",32
Digital Fortress,0
Dracula the Un-Dead,0
Drama,9
Evicted: Poverty and Profit in the American City,16
Find Her (Detective D.D. Warren #8),18
Fool Me Once,9
Foundation (Foundation (Publication Order) #1),9
"Fruits Basket, Vol. 5 (Fruits Basket #5)",10
Some Women,9
The Beast (Black Dagger Brotherhood #14),17
The Bone Hunters (Lexy Vaughan & Steven Macaulay #2),0
"The Demon Prince of Momochi House, Vol. 4 (The Demon Prince of Momochi House #4)",4
The Demonists (Demonist #1),5
The Geography of Bliss: One Grump's Search for the Happiest Places in the World,6
The Gunning of America: Business and the Making of American Gun Culture,5
The Hound of the Baskervilles (Sherlock Holmes #5),9
The Hunger Games (The Hunger Games #1),28
The Jazz of Physics: The Secret Link Between Music and the Structure of the Universe,12
The Passion of Dolssa,0
The Perfect Play (Play by Play #1),28
The Pilgrim's Progress,9
The Shining (The Shining #1),9
Vogue Colors A to Z: A Fashion Coloring Book,2
A Clash of Kings (A Song of Ice and Fire #2),7
"Fruits Basket, Vol. 4 (Fruits Basket #4)",10
Girl With a Pearl Earring,30
God Is Not Great: How Religion Poisons Everything,18
Gone with the Wind,36
Harry Potter and the Chamber of Secrets (Harry Potter #2),38
Harry Potter and the Half-Blood Prince (Harry Potter #6),38
Harry Potter and the Order of the Phoenix (Harry Potter #5),38
Harry Potter and the Prisoner of Azkaban (Harry Potter #3),38
Harry Potter and the Sorcerer's Stone (Harry Potter #1),38
It,9
Little Women (Little Women #1),33
Misery,9
Mockingjay (The Hunger Games #3),28
Needful Things,26
Night Shift (Night Shift #1-20),5
No One Here Gets Out Alive,6
We Are All Completely Beside Ourselves,9
We the People: The Modern-Day Figures Who Have Reshaped and Affirmed the Founding Fathers' Vision of America,5
When You Are Engulfed in Flames,0
"Where'd You Go, Bernadette",0
Wild: From Lost to Found on the Pacific Crest Trail,37
World War Z: An Oral History of the Zombie War,24
Wuthering Heights,0
Zero History (Blue Ant #3),24
'Salem's Lot,9
"A History of God: The 4,000-Year Quest of Judaism, Christianity, and Islam",18
A New Earth: Awakening to Your Life's Purpose,37
A Walk to Remember,20
Animal Farm,9
Atlas Shrugged,0
Can You Keep a Secret?,12
Candide,9
The Smitten Kitchen Cookbook,9
The Stand,9
The Thing About Jellyfish,26
The Tipping Point: How Little Things Can Make a Big Difference,26
The Travelers,3
The Undomestic Goddess,0
"The Wicked + The Divine, Vol. 3: Commercial Suicide (The Wicked + The Divine)",9
The Wild Robot,9
"Thinking, Fast and Slow",0
Three-Martini Lunch,0
"Trespassing Across America: One Man's Epic, Never-Done-Before (and Sort of Illegal) Hike Across the Heartland",6
Twenties Girl,30
Twilight (Twilight #1),27
Two Boys Kissing,0
Under the Banner of Heaven: A Story of Violent Faith,37
"Unstuffed: Decluttering Your Home, Mind, and Soul",2
The Lonely Ones,6
The Lover's Dictionary,9
The Maze Runner (The Maze Runner #1),9
The Name of God is Mercy,18
The Nanny Diaries (Nanny #1),5
The New Guy (and Other Senior Year Distractions),2
The Nightingale,9
The Obsession,9
The Paris Wife,33
The Picture of Dorian Gray,0
The Purest Hook (Second Circle Tattoos #3),0
The Purpose Driven Life: What on Earth Am I Here for?,37
The Red Tent,0
The Rest Is Noise: Listening to the Twentieth Century,0
The Restaurant at the End of the Universe (Hitchhiker's Guide to the Galaxy #2),3
The Rise of Theodore Roosevelt (Theodore Roosevelt #1),9
The Day the Crayons Came Home (Crayons),11
The Demon-Haunted World: Science as a Candle in the Dark,3
The Devil Wears Prada (The Devil Wears Prada #1),9
"The Disappearing Spoon: And Other True Tales of Madness, Love, and the History of the World from the Periodic Table of the Elements",13
"The Elegant Universe: Superstrings, Hidden Dimensions, and the Quest for the Ultimate Theory",6
"The End of Faith: Religion, Terror, and the Future of Reason",0
The Exiled,9
The Girl Who Kicked the Hornet's Nest (Millennium Trilogy #3),30
The Girl Who Played with Fire (Millennium Trilogy #2),28
The Girl with All the Gifts,30
The Giver (The Giver Quartet #1),0
The Goldfinch,9
The Guernsey Literary and Potato Peel Pie Society,9
The Guns of August,9
The Hitchhiker's Guide to the Galaxy (Hitchhiker's Guide to the Galaxy #1),3
The Husband's Secret,12
Shopaholic & Baby (Shopaholic #5),9
Soldier (Talon #3),0
Something Blue (Darcy & Rachel #2),9
Something Borrowed (Darcy & Rachel #1),9
Spilled Milk: Based on a True Story,37
Stiff: The Curious Lives of Human Cadavers,0
"Surely You're Joking, Mr. Feynman!: Adventures of a Curious Character",5
The Art of Fielding,19
"The Art of Simple Food: Notes, Lessons, and Recipes from a Delicious Revolution",32
The Autobiography of Malcolm X,0
The Blind Side: Evolution of a Game,28
The Book of Basketball: The NBA According to The Sports Guy,2
The Book Thief,2
The Case for Christ (Cases for Christianity),9
The Cat in the Hat (Beginner Books B-1),2
The Catcher in the Rye,0
One for the Money (Stephanie Plum #1),6
Orange Is the New Black,17
Original Fake,9
Outliers: The Story of Success,37
Packing for Mars: The Curious Science of Life in the Void,5
Persepolis: The Story of a Childhood (Persepolis #1-2),37
Prodigy: The Graphic Novel (Legend: The Graphic Novel #2),0
Quiet: The Power of Introverts in a World That Can't Stop Talking,22
Ready Player One,6
Red: The True Story of Red Riding Hood,37
Reservations for Two,5
Rework,9
"Rise of the Rocket Girls: The Women Who Propelled Us, from Missiles to the Moon to Mars",30
Rogue Lawyer (Rogue Lawyer #1),0
Running with Scissors,9
"Saga, Volume 3 (Saga (Collected Editions) #3)",29
Lady Renegades (Rebel Belle #3),0
"Lamb: The Gospel According to Biff, Christ's Childhood Pal",9
"Lean In: Women, Work, and the Will to Lead",9
Legend (Legend #1),9
Let's Pretend This Never Happened: A Mostly True Memoir,6
Letter to a Christian Nation,9
Life After Life,5
Life Without a Recipe,1
"Life, the Universe and Everything (Hitchhiker's Guide to the Galaxy #3)",3
Lila (Gilead #3),0
Lust & Wonder,9
Manuscript Found in Accra,0
Me Talk Pretty One Day,11
Midnight Riot (Peter Grant/ Rivers of London - books #1),2
"Miracles from Heaven: A Little Girl, Her Journey to Heaven, and Her Amazing Story of Healing",30
Morning Star (Red Rising #3),0
Golden (Heart of Dread #3),0
Gone Girl,30
Gratitude,9
"Grayson, Vol 3: Nemesis (Grayson #3)",0
Green Eggs and Ham (Beginner Books B-16),2
Heir to the Sky,9
Holidays on Ice,7
Horrible Bear!,5
House of Leaves,4
"House of Lost Worlds: Dinosaurs, Dynasties, and the Story of Life on Earth",37
Hungry Girl Clean & Hungry: Easy All-Natural Recipes for Healthy Eating in the Real World,30
I Am Malala: The Girl Who Stood Up for Education and Was Shot by the Taliban,30
I've Got Your Number,9
If I Run (If I Run #1),9
"In the Garden of Beasts: Love, Terror, and an American Family in Hitler's Berlin",17
Inferno (Robert Langdon #4),9
Cosmos,9
Counting Thyme,0
Crazy Rich Asians (Crazy Rich Asians #1),5
Dark Places,0
Darkfever (Fever #1),0
"David and Goliath: Underdogs, Misfits, and the Art of Battling Giants",11
Dead Wake: The Last Crossing of the Lusitania,0
Disrupted: My Misadventure in the Start-Up Bubble,0
Do Androids Dream of Electric Sheep? (Blade Runner #1),25
Dracula,9
Dune (Dune #1),5
Eclipse (Twilight #3),27
Eragon (The Inheritance Cycle #1),25
Extreme Prey (Lucas Davenport #26),0
Fellside,9
Fifty Shades Freed (Fifty Shades #3),23
Are We Smart Enough to Know How Smart Animals Are?,0
Are We There Yet?,9
Ash,9
Awkward,9
Beautiful Creatures (Caster Chronicles #1),36
Beowulf,9
Best of My Love (Fool's Gold #20),13
Between Shades of Gray,23
Big Little Lies,33
"Black Butler, Vol. 1 (Black Butler #1)",17
Black Flags: The Rise of ISIS,17
Blink: The Power of Thinking Without Thinking,1
"Born to Run: A Hidden Tribe, Superathletes, and the Greatest Race the World Has Never Seen",6
Boy Meets Boy,0
Brave Enough,0
Breaking Dawn (Twilight #4),27
Girl Online On Tour (Girl Online #2),15
H is for Hawk,0
Kindle Paperwhite User's Guide,3
Life,5
New Moon (Twilight #2),27
"Run, Spot, Run: The Ethics of Keeping Pets",0
"Saga, Volume 2 (Saga (Collected Editions) #2)",29
Sugar Rush (Offensive Line #2),0
The Course of Love,13
"The Sandman, Vol. 2: The Doll's House (The Sandman (volumes) #2)",4
The Sense of an Ending,0
"The Suffragettes (Little Black Classics, #96)",33
#GIRLBOSS,9
8 Keys to Mental Health Through Exercise,9
A Heartbreaking Work of Staggering Genius,0
A Storm of Swords (A Song of Ice and Fire #3),7
The Selfish Gene,0
The Silent Twin (Detective Jennifer Knight #3),9
The Silent Wife,9
The Story of Hong Gildong,37
The Tumor,9
"The Wicked + The Divine, Vol. 1: The Faust Act (The Wicked + The Divine)",9
The Zombie Room,9
This One Moment (Pushing Limits #1),6
Three Wishes (River of Time: California #1),9
Travels with Charley: In Search of America,3
Twenty Love Poems and a Song of Despair,13
Vampire Girl (Vampire Girl #1),30
"Vampire Knight, Vol. 1 (Vampire Knight #1)",9
Ways of Seeing,9
When I'm Gone,9
Where Lightning Strikes (Bleeding Stars #3),21
The Communist Manifesto,0
The Complete Maus (Maus #1-2),9
The Edge of Reason (Bridget Jones #2),9
The End of the Jesus Era (An Investigation #1),0
The Girl In The Ice (DCI Erika Foster #1),30
The Girl You Lost,30
The Haters,9
The Hook Up (Game On #1),28
The Iliad,9
The Last Girl (The Dominion Trilogy #1),30
The Light of the Fireflies,5
The Little Prince,33
The Mirror & the Maze (The Wrath and the Dawn #1.5),27
The Name of the Wind (The Kingkiller Chronicle #1),36
The Nicomachean Ethics,0
The No. 1 Ladies' Detective Agency (No. 1 Ladies' Detective Agency #1),0
One Second (Seven #7),6
Origins (Alphas 0.5),9
"Ouran High School Host Club, Vol. 1 (Ouran High School Host Club #1)",9
"Paper Girls, Vol. 1 (Paper Girls #1-5)",30
Paradise Lost (Paradise #1),37
"Rat Queens, Vol. 1: Sass & Sorcery (Rat Queens (Collected Editions) #1-5)",29
"Rhythm, Chord & Malykhin",5
"Saga, Volume 1 (Saga (Collected Editions) #1)",29
Sense and Sensibility,0
Settling the Score (The Summer Games #1),28
Shadow Rites (Jane Yellowrock #10),16
Shameless,9
Shatter Me (Shatter Me #1),5
Sister Sable (The Mad Queen #1),35
"Skip Beat!, Vol. 01 (Skip Beat! #1)",9
Starlark,9
"Fruits Basket, Vol. 1 (Fruits Basket #1)",10
"Giant Days, Vol. 1 (Giant Days #1-4)",11
Having the Barbarian's Baby (Ice Planet Barbarians #7.5),7
"Hawkeye, Vol. 1: My Life as a Weapon (Hawkeye #1)",5
Icing (Aces Hockey #2),7
Imperfect Harmony,0
Jane Eyre,0
Kitchens of the Great Midwest,9
Listen to Me (Fusion #1),0
Lord of the Flies,0
Lost Among the Living,37
Matilda,9
Meditations,9
"Ms. Marvel, Vol. 1: No Normal (Ms. Marvel (2014-2015) #1)",9
My Perfect Mistake (Over the Top #1),0
Myriad (Prentor #1),0
"1,000 Places to See Before You Die",6
1st to Die (Women's Murder Club #1),39
A Spy's Devotion (The Regency Spies of London #1),9
"Ajin: Demi-Human, Volume 1 (Ajin: Demi-Human #1)",9
Beyond Good and Evil,21
"Bleach, Vol. 1: Strawberry and the Soul Reapers (Bleach #1)",9
Blood Defense (Samantha Brinkman #1),0
Bounty (Colorado Mountain #7),0
Bridget Jones's Diary (Bridget Jones #1),9
Bright Lines,0
Charity's Cross (Charles Towne Belles #4),9
Charlie and the Chocolate Factory (Charlie Bucket #1),9
Choosing Our Religion: The Spiritual Lives of America's Nones,9
Deep Under (Walker Security #1),9
"Eat, Pray, Love",13
Emma,9
Fighting Fate (Fighting #6),0
Forever Rockers (The Rocker #12),9
Frankenstein,9
Of Mice and Men,0
Off Sides (Off #1),9
Old Records Never Die: One Man's Quest for His Vinyl and His Past,6
On the Road (Duluoz Legend),9
Taking Shots (Assassins #1),0
The Art of Not Breathing,19
The Bette Davis Club,0
The Bhagavad Gita,0
The Odyssey,9
The Republic,9
"The Sandman, Vol. 1: Preludes and Nocturnes (The Sandman (volumes) #1)",4
The Secret Healer,12
While You Were Mine,9
"Y: The Last Man, Vol. 1: Unmanned (Y: The Last Man #1)",6
Diary of a Minecraft Zombie Book 1: A Scare of a Dare (An Unofficial Minecraft Book),2
"Fruits Basket, Vol. 2 (Fruits Basket #2)",10
A Visit from the Goon Squad,39
A Walk in the Woods: Rediscovering America on the Appalachian Trail,39
And Then There Were None,9
Annie on My Mind,5
Career of Evil (Cormoran Strike #3),21
Catastrophic Happiness: Finding Joy in Childhood's Messy Years,18
Cinder (The Lunar Chronicles #1),36
Civilization and Its Discontents,0
Fire Bound (Sea Haven/Sisters of the Heart #5),35
"Friday Night Lights: A Town, a Team, and a Dream",25
"Fruits Basket, Vol. 3 (Fruits Basket #3)",10
Girl in the Blue Coat,30
Into the Wild,9
Is Everyone Hanging Out Without Me? (And Other Concerns),1
It's Never Too Late to Begin Again: Discovering Creativity and Meaning at Midlife and Beyond,6
Jurassic Park (Jurassic Park #1),0
Naked,9
Neither Here nor There: Travels in Europe,3
Night (The Night Trilogy #1),0
Notes from a Small Island (Notes From a Small Island #1),31
Sarah's Key,9
Scarlet (The Lunar Chronicles #2),36
Seven Brief Lessons on Physics,0
Seven Days in the Art World,11
The Complete Poems,22
The Complete Stories and Poems (The Works of Edgar Allan Poe [Cameo Edition]),22
The Cuckoo's Calling (Cormoran Strike #1),21
The Da Vinci Code (Robert Langdon #2),0
The Infinities,9
"The Land of 10,000 Madonnas",0
The Last Painting of Sara de Vos,0
The Lean Startup: How Today's Entrepreneurs Use Continuous Innovation to Create Radically Successful Businesses,5
The Road to Little Dribbling: Adventures of an American in Britain (Notes From a Small Island #2),31
The Rose & the Dagger (The Wrath and the Dawn #2),27
"The Sandman, Vol. 3: Dream Country (The Sandman (volumes) #3)",4
The Silkworm (Cormoran Strike #2),21
Vegan Vegetarian Omnivore: Dinner for Everyone at the Table,1
Very Good Lives: The Fringe Benefits of Failure and the Importance of Imagination,0
Voyager (Outlander #3),0
Walk the Edge (Thunder Road #2),20
Changing the Game (Play by Play #2),28
Confessions of a Shopaholic (Shopaholic #1),0
Dark Lover (Black Dagger Brotherhood #1),17
Far From True (Promise Falls Trilogy #2),5
"Orchestra of Exiles: The Story of Bronislaw Huberman, the Israel Philharmonic, and the One Thousand Jews He Saved from Nazi Horrors",37
Outlander (Outlander #1),9
Paper and Fire (The Great Library #2),35
Shopaholic Ties the Knot (Shopaholic #3),0
A Feast for Crows (A Song of Ice and Fire #4),7
A Game of Thrones (A Song of Ice and Fire #1),7
A Girl's Guide to Moving On (New Beginnings #2),30
Alight (The Generations Trilogy #2),9
Harry Potter and the Deathly Hallows (Harry Potter #7),38
I Know Why the Caged Bird Sings (Maya Angelou's Autobiography #1),34
If I Stay (If I Stay #1),14
Isla and the Happily Ever After (Anna and the French Kiss #3),5
The 5th Wave (The 5th Wave #1),0
The Crossover,9
The Darkest Corners,0
The Dream Thieves (The Raven Cycle #2),25
Where She Went (If I Stay #2),14
Why Save the Bankers?: And Other Essays on Our Economic and Political Crisis,34
"Will Grayson, Will Grayson (Will Grayson, Will Grayson)",0
World Without End (The Pillars of the Earth #2),37
Pride and Prejudice,0
Ship Leaves Harbor: Essays on Travel by a Recovering Journeyman,3
Tell the Wolves I'm Home,2
The Barefoot Contessa Cookbook,9
A Short History of Nearly Everything,24
A Summer In Europe,0
"At The Existentialist Café: Freedom, Being, and apricot cocktails with: Jean-Paul Sartre, Simone de Beauvoir, Albert Camus, Martin Heidegger, Edmund Husserl, Karl Jaspers, Maurice Merleau-Ponty and others",0
Benjamin Franklin: An American Life,16
Memoirs of a Geisha,5
Meternity,9
"Naturally Lean: 125 Nourishing Gluten-Free, Plant-Based Recipes--All Under 300 Calories",0
Nightstruck: A Novel,9
The Good Girl,30
The Great Gatsby,9
The Origin of Species,9
The Story of Art,19
Diary of a Citizen Scientist: Chasing Tiger Beetles and Other New Ways of Engaging the World,2
Ender's Game (The Ender Quintet #1),28
Future Shock (Future Shock #1),9
Heaven is for Real: A Little Boy's Astounding Story of His Trip to Heaven and Back,33
Please Kill Me: The Uncensored Oral History of Punk,24
Proofs of God: Classical Arguments from Tertullian to Barth,18
Rising Strong,9
Roller Girl,30
A Hero's Curse (The Unseen Chronicles #1),36
A Shard of Ice (The Black Symphony Saga #1),9
Art and Fear: Observations on the Perils (and Rewards) of Artmaking,19
Chernobyl 01:23:40: The Incredible True Story of the World's Worst Nuclear Disaster,37
Underlying Notes,32
Unlimited Intuition Now,0
Watchmen,9
Without Shame,1
Lilac Girls,30
M Train,30
"Mother, Can You Not?",9
Mothering Sunday,9
Equal Is Unfair: America's Misguided Fight Against Income Inequality,9
Everyday Italian: 125 Simple and Delicious Recipes,0
Furiously Happy: A Funny Book About Horrible Things,26
Hide Away (Eve Duncan #20),0
The Golden Condom: And Other Essays on Love Lost and Found,13
The Gray Rhino: How to Recognize and Act on the Obvious Dangers We Ignore,0
The Lonely City: Adventures in the Art of Being Alone,19
The Midnight Watch: A Novel of the Titanic and the Californian,0
A Time of Torment (Charlie Parker #14),0
Abstract City,8
"Adulthood Is a Myth: A ""Sarah's Scribbles"" Collection",9
All the Light We Cannot See,9
City of Fallen Angels (The Mortal Instruments #4),20
City of Glass (The Mortal Instruments #3),8
Clockwork Angel (The Infernal Devices #1),20
Code Name Verity (Code Name Verity #1),36
God: The Most Unpleasant Character in All Fiction,18
Greek Mythic History,24
Hamilton: The Revolution,9
Hold Your Breath (Search and Rescue #1),0
Mr. Mercedes (Bill Hodges Trilogy #1),0
My Kind of Crazy,9
My Mrs. Brown,5
My Name Is Lucy Barton,36
Steve Jobs,9
Still Life with Bread Crumbs,5
Superman Vol. 1: Before Truth (Superman by Gene Luen Yang #1),0
Swell: A Year of Waves,9
The Long Haul (Diary of a Wimpy Kid #9),16
The Lucifer Effect: Understanding How Good People Turn Evil,21
The Marriage of Opposites,0
The Power of Habit: Why We Do What We Do in Life and Business,5
Walt Disney's Alice in Wonderland,9
"We Are Robin, Vol. 1: The Vigilante Business (We Are Robin #1)",5
What's It Like in Space?: Stories from Astronauts Who've Been There,9
Whole Lotta Creativity Going On: 60 Fun and Unusual Exercises to Awaken and Strengthen Your Creativity,0
Chasing Heaven: What Dying Taught Me About Living,6
Close to You,9
"Daring Greatly: How the Courage to Be Vulnerable Transforms the Way We Live, Love, Parent, and Lead",13
Dark Notes,32
Little Red,33
Louisa: The Extraordinary Life of Mrs. Adams,5
Miss Peregrine’s Home for Peculiar Children (Miss Peregrine’s Peculiar Children #1),8
Modern Romance,9
The Argonauts,9
The Art of War,19
The Artist's Way: A Spiritual Path to Higher Creativity,9
The Psychopath Test: A Journey Through the Madness Industry,35
The Regional Office Is Under Attack!,5
The Secret (The Secret #1),12
The Shadow Hero (The Shadow Hero),16
A Murder in Time,39
"A Piece of Sky, a Grain of Rice: A Memoir in Four Meditations",0
A World of Flavor: Your Gluten Free Passport,3
Algorithms to Live By: The Computer Science of Human Decisions,5
How to Be Miserable: 40 Strategies You Already Use,9
I am a Hero Omnibus Volume 1,9
"I Hate Fairyland, Vol. 1: Madly Ever After (I Hate Fairyland (Compilations) #1-5)",35
Immunity: How Elie Metchnikoff Changed the Course of Modern Medicine,28
"Political Suicide: Missteps, Peccadilloes, Bad Calls, Backroom Hijinx, Sordid Pasts, Rotten Breaks, and Just Plain Dumb Mistakes in the Annals of American Politics",27
"Pop Gun War, Volume 1: Gift",9
Princess Between Worlds (Wide-Awake Princess #5),3
"Princess Jellyfish 2-in-1 Omnibus, Vol. 01 (Princess Jellyfish 2-in-1 Omnibus #1)",9
"The Mindfulness and Acceptance Workbook for Anxiety: A Guide to Breaking Free from Anxiety, Phobias, and Worry Using Acceptance and Commitment Therapy",27
The Most Perfect Thing: Inside (and Outside) a Bird's Egg,26
The Murder That Never Was (Forensic Instincts #5),39
The Nameless City (The Nameless City #1),8
#HigherSelfie: Wake Up Your Life. Free Your Soul. Find Your Tribe.,18
Private Paris (Private #10),33
Reasons to Stay Alive,14
Slow States of Collapse: Poems,22
"Foolproof Preserving: A Guide to Small Batch Jams, Jellies, Pickles, Condiments, and More: A Foolproof Guide to Making Small Batch Jams, Jellies, Pickles, Condiments, and More",31
How Music Works,5
In Her Wake,9
